Brand,Product Name,price_in_pkr,Skin Type,Category,Benefit,Ingredients,Rating,Total Ratings,Product URL
CeraVe,CeraVe Moisturizing Cream | Body and Face Moisturizer for Dry Skin | Body Cream with Hyaluronic Acid and Ceramides | Daily Moisturizer | Oil-Free | Fragrance Free | Non-Comedogenic | 19 Ounce,"13,300",Dry/Very Dry,Moisturizer,"Moisturize,retain moisture, soothe skin","Hyaluronic Acid, Ceramide NP, Ceramide AP, Ceramide EOP, Water, Glycerin, Caprylic/Capric Triglyceride, Cetearyl Alcohol, Behentrimonium Methosulfate, Dimethicone, Petrolatum, Cholesterol, Sodium Lauroyl Lactylate",4.7,"128,857 ratings",https://www.amazon.com/CeraVe-Moisturizing-Cream-Daily-Moisturizer/dp/B00TTD9BRC?ref_=ast_sto_dp&th=1&psc=1
CeraVe,CeraVe Daily Moisturizing Lotion for Dry Skin | Body Lotion & Face Moisturizer with Hyaluronic Acid and Ceramides | Daily Moisturizer | Fragrance Free | Oil-Free | 19 Ounce,"12,868",Normal/Dry skin,Moisturizer,"Hydrates, restores barrier, soothes skin","Water, Glycerin, Caprylic/Capric Triglyceride, Cetearyl Alcohol, Cetyl Alcohol, Potassium Phosphate, Ceramide NP, Ceramide AP, Ceramide EOP, Carbomer, Dimethicone, Ceteareth-20, Behentrimonium Methosulfate, Methylparaben, Sodium Lauroyl Lactylate, Cholesterol, Disodium EDTA, Dipotassium Phosphate, Propylparaben, Hydrolyzed Hyaluronic Acid, Phytosphingosine, Xanthan Gum, Polysorbate 20, Polyglyceryl-3 Diisostearate",4.7,"121,787 ratings",https://www.amazon.com/CeraVe-Moisturizing-Lotion-Hyaluronic-Fragrance/dp/B07RK4HST7?ref_=ast_sto_dp&th=1&psc=1
CeraVe,"CeraVe Hydrating Mineral Sunscreen SPF 30 with Sheer Tint | Tinted Mineral Sunscreen with Zinc Oxide & Titanium Dioxide | Blends Seamlessly For Healthy Glow | Medium, 1.7 Fluid Ounce","5,800",Sensitive/Acne prone,Sunscreen,"Sun protection, hydration, natural glow","Titanium Dioxide (5.5%), Zinc Oxide (10%), Water, C12-15 Alkyl Benzoate, Isohexadecane, Isononyl Isononanoate, Dicaprylyl Ether, PEG-30 Dipolyhydroxystearate, Triethylhexanoin, Polyglyceryl-4 Isostearate, Dicaprylyl Carbonate, Ethylene/Acrylic Acid Copolymer, Triethanolamine, Silica, Poly C10-30 Alkyl Acrylate, Stearic Acid, Ceramide NP, Ceramide AP, Ceramide EOP, Carbomer, Niacinamide, Cetearyl Alcohol, Triethoxycaprylylsilane, Behentrimonium Methosulfate, Sodium Chloride, Salicylic Acid, Sodium Hyaluronate, Sodium Lauroyl Lactylate, Cholesterol, Aluminum Stearate, Alumina, Aluminum Hydroxide, Iron Oxides, Phenoxyethanol, P-Anisic Acid, Chlorphenesin, Tocopherol, Disodium EDTA, Disodium Stearoyl Glutamate, Propylene Carbonate, Citric Acid, Caprylyl Glycol, Capryloyl Salicylic Acid, Caprylic/Capric Triglyceride, Diethylhexyl Syringylidenemalonate, Disteardimonium Hectorite, Xanthan Gum, Phytosphingosine, Polyhydroxystearic Acid, Ethylhexylglycerin.",4.4,"61,307 ratings",https://www.amazon.com/CeraVe-Sunscreen-Hydrating-Mineral-Titanium/dp/B07YLKXV11?ref_=ast_sto_dp&th=1&psc=1
CeraVe,"CeraVe Renewing Salicylic Acid Cleanser, Formulated With Hyaluronic Acid, Niacinamide, & Ceramides, Gentle BHA Exfoliating Face Wash Smooths & Softens Skin, Non Comedogenic & Fragrance Free, 16 Ounce","5,877",Sensitive/Acne prone,Exfoliating Cleanser,"Exfoliates, hydrates, and restores the skin barrier","Salicylic Acid, Water, Glycerin, Cetearyl Alcohol, Sodium Lauroyl Lactylate, Ceramide NP, Ceramide AP, Ceramide EOP, Niacinamide, Hyaluronic Acid, Sodium Chloride, Phenoxyethanol, Caprylyl Glycol, Carbomer, Polysorbate 20, Disodium EDTA, Disodium Stearoyl Glutamate, Citric Acid, Sodium Hydroxide",4.7,"73,522 ratings",https://www.amazon.com/CeraVe-Salicylic-Cleanser-Exfoliating-Fragrance/dp/B08CQ9T6KN?ref_=ast_sto_dp&th=1&psc=1
CeraVe,CeraVe Vitamin C Serum with Hyaluronic Acid | Skin Brightening Serum for Face with 10% Pure Vitamin C | Fragrance Free | 1 Fl. Oz,"4,990",All/Sensitive,Serum,"Brightens skin, improves texture, restores skin barrier","Water, Ascorbic Acid (10%), Glycerin, Dimethicone, Cetearyl Ethylhexanoate, Alcohol Denat, Sodium Hydroxide, Ammonium Polyacryloyldimethyl Taurate, Panthenol, Ceramide NP, Ceramide AP, Ceramide EOP, Carbomer, Cetearyl Alcohol, Behentrimonium Methosulfate, Sodium Hyaluronate, Sodium Lauroyl Lactylate, Cholesterol, Phenoxyethanol, Tocopheryl Acetate, Disodium EDTA, Isopropyl Myristate, Caprylyl Glycol, Xanthan Gum, Phytosphingosine, Ethylhexylglycerin",4.5,"40,914 ratings",https://www.amazon.com/CeraVe-Vitamin-Hyaluronic-Brightening-Fragrance/dp/B07PNCCLD2?ref_=ast_sto_dp&th=1&psc=1
CeraVe,CeraVe Body Wash with Salicylic Acid | Fragrance Free Body Wash to Exfoliate Rough and Bumpy Skin | Allergy Tested | 10 Ounce,"4,850",Rough/Bumpy ,Body Wash,"Exfoliates, hydrates,smooths skin","Salicylic Acid, Water, Glycerin, Cocamidopropyl Hydroxysultaine, Sodium Lauroyl Sarcosinate, Niacinamide, Ceramide NP, Ceramide AP, Ceramide EOP, Hyaluronic Acid, Cholesterol, Phytosphingosine, Sodium Lauroyl Lactylate, Sodium Chloride, Sodium Hydroxide, Citric Acid, Disodium EDTA, Phenoxyethanol, Caprylyl Glycol, Xanthan Gum",4.6,"33,490 ratings",https://www.amazon.com/CeraVe-Salicylic-Ounce-Fragrance-Exfoliate/dp/B077TWXCQV?ref_=ast_sto_dp&th=1&psc=1
CeraVe,"CeraVe Anti Aging Retinol Serum For Face, Encapsulated Retinol With Hyaluronic Acid, Niacinamide & Ceramides, Smooths Wrinkles & Fine Lines, Gentle Skin Brightening Serum, Fragrance Free, 1 Oz","6,412.00",All/Sensitive,Anti-Aging Serum,"Smooths wrinkles, enhances radiance, restores barrier","Water, Propanediol, Dimethicone, Cetearyl Ethylhexanoate, Niacinamide, Ammonium Polyacryloyldimethyl Taurate, Dipotassium Glycyrrhizate, Hydrogenated Lecithin, Potassium Phosphate, Ceramide NP, Ceramide AP, Ceramide EOP, Carbomer, Cetearyl Alcohol, Behentrimonium Methosulfate, Dimethiconol, Lecithin, Sodium Citrate, Retinol, Sodium Hyaluronate, Sodium Lauroyl Lactylate, Cholesterol, Phenoxyethanol, Alcohol, Isopropyl Myristate, Caprylyl Glycol, Citric Acid, Trisodium Ethylenediamine Disuccinate, Pentylene Glycol, Phytosphingosine, Xanthan Gum, Polysorbate 20, Ethylhexylglycerin",4.6,"23,720 ratings",https://www.amazon.com/CeraVe-Retinol-Smoothing-Brightening-Fragrance/dp/B07XJ7XWLW?ref_=ast_sto_dp
CeraVe,CeraVe Hydrating Cream To Foam Cleanser | Makeup Remover Face Wash For Dry Skin | Foaming Facial Cleanser With Hyaluronic Acid | Normal To Dry Skin | Fragrance Free & Non Comedogenic | 19 Fluid Ounce,"10,715",Normal/Dry ,Facial Cleanser,"Cleanses, removes makeup, hydrates, maintains skin barrier","Water, Glycerin, Coco-Betaine, Peg-150 Pentaerythrityl Tetrastearate, Peg-6 Caprylic/Capric Glycerides, Sodium Lauroyl Lactylate, Ceramide Np, Ceramide Ap, Ceramide Eop, Carbomer, Methylparaben, Cholesterol, Disodium Edta, Dipotassium Phosphate, Sodium Hyaluronate, Tocopherol, Phytosphingosine, Xanthan Gum, Sodium Hydroxide, Citric Acid",4.7,"22,549 ratings",https://www.amazon.com/CeraVe-Hydrating-Cleanser-Hyaluronic-Fragrance/dp/B08CQDF382?ref_=ast_sto_dp&th=1&psc=1
CeraVe,CeraVe Hydrating Facial Cleanser | Moisturizing Face Wash For Dry Skin | Hyaluronic Acid + Ceramides + Glycerin | Hydrating Cleanser For Normal To Dry Skin | National Eczema Association Certified,5300,Normal/Dry ,Facial Cleanser,"Cleanses, hydrates, restores skin barrier","Water, Glycerin, Cetearyl Alcohol, Stearyl Alcohol, Cetyl Alcohol, PEG-40 Stearate, Behentrimonium Methosulfate, Glyceryl Stearate, Potassium Phosphate, Dipotassium Phosphate, Sodium Lauroyl Lactylate, Ceramide NP, Ceramide AP, Ceramide EOP, Phytosphingosine, Cholesterol, Sodium Hyaluronate, Xanthan Gum, Carbomer, Tocopherol, Phenoxyethanol, Ethylhexylglycerin",4.7,"118,772 ratings",https://www.amazon.com/CeraVe-Hydrating-Facial-Cleanser-Fragrance/dp/B07RL88DD2?ref_=ast_sto_dp&th=1&psc=1
CeraVe,CeraVe Foaming Facial Cleanser | Daily Face Wash for Oily Skin | Hyaluronic Acid + Ceramides + Niacinamide | Fragrance Free & Paraben Free | Non - Drying Oil Control Face Wash | 19 Fluid Ounce,6570,Normal/Oily,Facial Cleanser,"Cleanses, controls oil, protects barrier","Water, Glycerin, Cocamidopropyl Hydroxysultaine, Peg-150 Pentaerythrityl Tetrastearate, Niacinamide, Sodium Lauroyl Sarcosinate, Peg-6 Caprylic/Capric Glycerides, Ceramide Np, Ceramide Ap, Ceramide Eop, Carbomer, Glycol Distearate, Ceramide 1, Ceramide 3, Ceramide 6-Ii, Cholesterol, Phenoxyethanol, Disodium Edta, Sodium Lauroyl Lactylate, Sodium Hyaluronate, Phytosphingosine, Xanthan Gum, Polysorbate 20, Ethylhexylglycerin, Sodium Hydroxide, Citric Acid, Tocopherol",4.7,"93,613 ratings",https://www.amazon.com/CeraVe-Hyaluronic-Ceramides-Niacinamide-Non-Drying/dp/B07RJ18VMF?ref_=ast_sto_dp&th=1&psc=1
CeraVe,"CeraVe Healing Ointment, Hydrating Skin Protectant With Petrolatum, Hyaluronic Acid & Ceramides, Face & Body Skin Barrier Repair For Cracked, Chafed, Dry Skin, Fragrance Free & Lanolin Free, 12 Oz",7600,Dry/Very Dry,Skin Protectant/Ointment,"Hydrates, soothes, protects dry, cracked, chafed skin","Petrolatum, Mineral Oil, Paraffin, Ozokerite, Dimethicone, Hyaluronic Acid, Ceramide 1, Ceramide 3, Ceramide 6-II, Tocopheryl Acetate (Vitamin E), Phytosphingosine, Cholesterol, Sodium Lauroyl Lactylate, Carbomer, Panthenol, Water, L-Proline, Xanthan Gum",4.7,"26,678 ratings",https://www.amazon.com/CeraVe-Protectant-Petrolatum-Ceramides-Fragrance/dp/B016F3MG2U?ref_=ast_sto_dp&th=1&psc=1
CeraVe,CeraVe Ultra-Light Moisturizing Lotion With SPF 30| Daily Face Moisturizer with SPF | Formulated with Hyaluronic Acid & Ceramides | Broad Spectrum SPF | Oil Free | Matte Finish | 1.7 Ounce,4450,Normal/Oily,Facial Moisturizer,"Hydrates, protects from sun damage, restores skin barrier, provides matte finish","Water, C12-15 Alkyl Benzoate, Glycerin, Homosalate, Octisalate, Octocrylene, Avobenzone, Glyceryl Stearate SE, Methyl Methacrylate Crosspolymer, Ceramide NP, Ceramide AP, Ceramide EOP, Carbomer, Sodium Acrylolydimethyl Taurate/VP Crosspolymer, Sodium Lauroyl Lactylate, Sodium Hyaluronate, Cholesterol, Phenoxyethanol, Disodium EDTA, Hydroxyacetophenone, Citric Acid, Phytosphingosine, Xanthan Gum, T-Butyl Alcohol, Ethylhexylglycerin",4.7,"14,683 ratings",https://www.amazon.com/CeraVe-Ultra-Light-Lotion-Moisturizer-Sunscreen/dp/B077TQR6ZW?ref_=ast_sto_dp
CeraVe,"CeraVe Acne Foaming Cream Wash | Gentle Face and Body Acne Cleanser with Benzoyl Peroxide 10%, Hyaluronic Acid, and Niacinamide | Acne Treatment Clears Pimples, Blackheads, Chest and Back Acne | 5 Oz",6800,Acne prone,Acne Treatment Cleanser,"Clears acne, prevents new breakouts, promotes skin healing","Water, Glycerin, Propylene Glycol, Cocamidopropyl Hydroxysultaine, Sodium C14-16 Olefin Sulfonate, Xanthan Gum, Potassium Hydroxide, Benzoyl Peroxide, Niacinamide, Ceramide NP, Ceramide AP, Ceramide EOP, Carbomer, Glyceryl Stearate, Trideceth-6, Cetearyl Alcohol, Sodium Citrate, Sodium Hydroxide, Sodium Hyaluronate, Sodium Lauroyl Lactylate, Cholesterol, Phenoxyethanol, Propanediol, Caprylyl Glycol, Xanthan Gum, Diethylhexyl Sodium Sulfosuccinate, Phytosphingosine, Acrylates/C10-30 Alkyl Acrylate Crosspolymer, Ethylhexylglycerin",4.6,"1,691 ratings",https://www.amazon.com/CeraVe-Hyaluronic-Niacinamide-Treatment-Blackheads/dp/B0C7J25MVB?ref_=ast_sto_dp
CeraVe,"CeraVe Ultra-Light Moisturizing Gel | Hydrating Gel Face Moisturizer with Ceramides, Niacinamide, Hyaluronic Acid | Fragrance Free | Oil-Free | Weightless Mattifying Moisturizer | 1.75 FL Oz",6000,Oily/Sensitive,Facial Moisturizer,"Hydrates, restores skin barrier, provides matte finish","Water, Glycerin, Niacinamide, Propanediol, Dimethicone, Isononyl Isononanoate, Ceramide NP, Ceramide AP, Ceramide EOP, Carbomer, Dimethicone Crosspolymer, Cetearyl Alcohol, Behentrimonium Methosulfate, Triethyl Citrate, Silica, Sodium Hydroxide, Sodium Hyaluronate, Sodium Lauroyl Lactylate, Cholesterol, Phenoxyethanol, Tocopherol, Chlorphenesin, Caprylyl Glycol, Trisodium Ethylenediamine Disuccinate, Biosaccharide Gum-1, Xanthan Gum, Phytosphingosine, Benzoic Acid",4.6,"2,651 ratings",https://www.amazon.com/CeraVe-Ultra-Light-Moisturizing-Moisturizer-Niacinamide/dp/B0C7HHKH3G?ref_=ast_sto_dp
CeraVe,CeraVe Skin Renewing Eye Cream For Wrinkles | Under Eye Cream With Peptides + Caffeine + Niacinamide | Anti Aging Eye Cream For Wrinkles & Crows Feet | Paraben Free & Opthalmologist Tested,6000,All/Sensitive,Anti-Aging Eye Cream,"Reduces fine lines, wrinkles, puffiness, dark circles","Aqua/Water/Eau, Propanediol, Glycerin, Niacinamide, Cetearyl Alcohol, Cetearyl Ethylhexanoate, Caprylic/Capric Triglyceride, Dimethicone, Petrolatum, Polyacrylate Crosspolymer-6, Hydrogenated Lecithin, Ceramide NP, Ceramide AP, Ceramide EOP, Carbomer, Behentrimonium Methosulfate, Triethyl Citrate, Caffeine, Sodium Hyaluronate, Sodium Lauroyl Lactylate, Sodium Lactate, Cholesterol, Palmitoyl Tripeptide-1, Palmitoyl Tetrapeptide-7, Phenoxyethanol, Isopropyl Myristate, Caprylyl Glycol, Trisodium Ethylenediamine Disuccinate, Phytosphingosine, Xanthan Gum, Butylene Glycol, Polysorbate 20, Benzoic Acid",4.4,"6,712 ratings",https://www.amazon.com/CeraVe-Hyaluronic-Niacinamide-Ceramides-Ophthalmologist/dp/B0B3GCCRVH?ref_=ast_sto_dp&th=1&psc=1
CeraVe,"CeraVe SA Lotion for Rough & Bumpy Skin | Vitamin D, Hyaluronic Acid, Lactic Acid & Salicylic Acid Lotion | Fragrance Free & Allergy Tested | 8 Ounce",4850,Bumpy ,Exfoliating Body Lotion,"Exfoliates, hydrates, improves skin texture","Water, Glycerin, Salicylic Acid, Lactic Acid, Niacinamide, Dimethicone, Cetearyl Alcohol, Cetearyl Ethylhexanoate, Caprylic/Capric Triglyceride, Petrolatum, Polyacrylate Crosspolymer-6, Hydrogenated Lecithin, Ceramide NP, Ceramide AP, Ceramide EOP, Carbomer, Behentrimonium Methosulfate, Triethyl Citrate, Sodium Hyaluronate, Sodium Lauroyl Lactylate, Sodium Lactate, Cholesterol, Phenoxyethanol, Isopropyl Myristate, Caprylyl Glycol, Trisodium Ethylenediamine Disuccinate, Phytosphingosine, Xanthan Gum, Butylene Glycol, Polysorbate 20, Benzoic Acid",4.6,"22,772 ratings",https://www.amazon.com/CeraVe-Renewing-Lotion-Ounce-Salicylic/dp/B0071XPQQ2?ref_=ast_sto_dp&th=1&psc=1
CeraVe,CeraVe Moisturizing Cream for Psoriasis Treatment | With Salicylic Acid for Dry Skin Itch Relief & Urea for Moisturizing | Fragrance Free & Allergy Tested | 8 Oz,7450,Dry/Flaky,Moistruizing Cream,"Alleviates scaling, redness, and dryness;exfoliates","Water, Urea, Glyceryl Stearate SE, Cetearyl Alcohol, Butyrospermum Parkii (Shea) Butter, Glycerin, Cetyl Alcohol, Niacinamide, Laureth-9, Limnanthes Alba (Meadowfoam) Seed Oil, PEG-100 Stearate, Gossypium Herbaceum (Cotton) Seed Oil, Behentrimonium Methosulfate, 1,2-Hexanediol, C12-13 Alkyl Lactate, Dimethicone, Tasmannia Lanceolata Fruit/Leaf Extract, Ceramide 3, Ceramide 6 II, Ceramide 1, Phytosphingosine, Cholesterol, Tocopherol, Hydroxyacetophenone, Hydrogenated Olive Oil, Glyceryl Stearate, Disodium EDTA, Sodium Lauroyl Lactylate, Xanthan Gum, Carbomer, Sodium Hyaluronate, Sodium Hydroxide",4.3,"14,097 ratings",https://www.amazon.com/CeraVe-Moisturizing-Psoriasis-Treatment-Salicylic/dp/B075N8392D?ref_=ast_sto_dp
CeraVe,CeraVe Anti-Aging Face Cream SPF 30 | Anti-Wrinkle Retinol Cream with Hyaluronic Acid and Ceramides | 1.76 oz,4450,Normal/Dry ,Anti-Aging Moisturizer,"Improves texture, reduces wrinkles, offers sun protection","Retinol, Hyaluronic Acid, Ceramides, Niacinamide, Glycerin, Dimethicone, Petrolatum, Tocopherol (Vitamin E), Cetearyl Alcohol, Sodium Hyaluronate",4.3,"9,611 ratings",https://www.amazon.com/CeraVe-Anti-Aging-Anti-Wrinkle-Hyaluronic-Ceramides/dp/B01M1KQHM7?ref_=ast_sto_dp
CeraVe,"CeraVe Hydrating Toner for Face Non-Alcoholic with Hyaluronic Acid, Niacinamide, and Ceramides for Sensitive Dry Skin, Fragrance-Free Non Comedogenic, Full Size, 6.8 Fl Oz",7250,Normal/Dry/Sensitive,Facial Toner,"Hydrates, soothes, and restores the skin's natural moisture barrier","Aqua/Water, Propanediol, Glycerin, Butylene Glycol, PPG-6-Decyltetradeceth-30, PEG-240/HDI Copolymer Bis-Decyltetradeceth-20 Ether, Ceramide NP, Ceramide AP, Ceramide EOP, Niacinamide, Sodium Hyaluronate, Sodium Lauroyl Lactylate, Cholesterol, Phenoxyethanol, Chlorphenesin, Tocopherol, Citric Acid, Phytosphingosine, Xanthan Gum, Ethylhexylglycerin",4.6,"9,472 ratings",https://www.amazon.com/CeraVe-Non-Alcoholic-Niacinamide-Fragrance-Free-Comedogenic/dp/B09LKXR62L?ref_=ast_sto_dp
CeraVe,"CeraVe Anti Itch Moisturizing Lotion with Pramoxine Hydrochloride | Relieves Itch with Minor Skin Irritations, Sunburn Relief, Bug Bites | 8 Ounce",8000,Dry,Moisturizer,"Relieves itching, soothes dry skin, and restores the skin's natural barrier","Pramoxine Hydrochloride, Water, Isopropyl Myristate, Cetyl Alcohol, Stearic Acid, Cetearyl Alcohol, Glyceryl Stearate, PEG-100 Stearate, Glycerin, Dimethicone, Niacinamide, Ceramide 3, Ceramide 6-II, Ceramide 1, Hyaluronic Acid, Phenoxyethanol, Xanthan Gum, Behentrimonium Methosulfate, Polyglyceryl-3 Diisostearate, Sodium Hydroxide, Alcohol Denat, Allantoin, Ethylhexylglycerin, Sodium Lauroyl Lactylate, Arginine PCA, Disodium EDTA, Potassium Phosphate, Dipotassium Phosphate, Tasmannia Lanceolata Fruit Extract, Zinc Citrate, Sodium PCA, Phytosphingosine, Cholesterol, Carbomer, Tocopheryl Acetate",4.6,"14,454 ratings",https://www.amazon.com/CeraVe-Moisturizing-Pramoxine-Hydrochloride-Fragrance/dp/B01761062W?ref_=ast_sto_dp&th=1&psc=1
CeraVe,CeraVe Moisturizing Cream for Dry Skin Relief | 12 Ounce | Fragrance Free Cream with Pramoxine for Itch Relief,7000,Normal/Dry,Moisturizer,"Relieves itching, soothes dry skin, and restores the skin's natural barrier","Water, Glycerin, Cetearyl Alcohol, Caprylic/Capric Triglyceride, Cetyl Alcohol, Ceteareth-20, Petrolatum, Potassium Phosphate, Ceramide NP, Ceramide AP, Ceramide EOP, Niacinamide, Dimethicone, Cholesterol, Sodium Lauroyl Lactylate, Phenoxyethanol, Ethylhexylglycerin, Phytosphingosine, Xanthan Gum, Disodium EDTA, Carbomer, Sodium Hydroxide, Tasmannia Lanceolata Fruit Extract, Zinc Citrate, Sodium PCA, Arginine PCA, Sodium Hyaluronate, Tocopherol",4.6,"8,912 ratings",https://www.amazon.com/CeraVe-Moisturizing-Pramoxine-Hydrochloride-Fragrance/dp/B017610BFO?ref_=ast_sto_dp&th=1&psc=1
CeraVe,"CeraVe Cleansing Balm Makeup Remover, Waterproof Makeup Remover With Ceramides & Plant-Based Jojoba Oil To Nourish & Hydrate, Non-Comedogenic & Fragrance Free, Stocking Stuffers For Women, 1.3 Oz",5035,Dry/Oily/Sensitive,Makeup Remover,"Removes makeup, nourishes, and hydrates the skin","Ethylhexyl Palmitate, Polyethylene, PEG-20 Glyceryl Triisostearate, Aqua/Water/Eau, Ceramide NP, Ceramide AP, Ceramide EOP, Carbomer, Triethyl Citrate, Sodium Lauroyl Lactylate, Cholesterol, Simmondsia Chinensis Seed Oil/Jojoba Seed Oil, Phenoxyethanol, Tocopherol, Caprylyl Glycol, Phytosphingosine, Xanthan Gum, Polysorbate 20, Benzoic Acid, PEG-30 Dipolyhydroxystearate, PPG-26-Buteth-26, PEG-40 Hydrogenated Castor Oil",4.4,"6,822 ratings",https://www.amazon.com/CeraVe-Cleansing-Plant-based-Non-Comedogenic-Non-Greasy/dp/B0B1PP1XCM?ref_=ast_sto_dp
CeraVe,"CeraVe Body Wash for Dry Skin | Moisturizing Body Wash with Hyaluronic Acid and Ceramides | Paraben, Sulfate & Fragrance Free | 10 Ounce",3850,Normal/Dry,Body Wash,"Cleanses, moisturizes, and restores the skin's natural barrier","Water, Glycerin, Cetearyl Alcohol, Caprylic/Capric Triglyceride, Cetyl Alcohol, Ceteareth-20, Petrolatum, Potassium Phosphate, Ceramide NP, Ceramide AP, Ceramide EOP, Niacinamide, Dimethicone, Cholesterol, Sodium Lauroyl Lactylate, Phenoxyethanol, Ethylhexylglycerin, Phytosphingosine, Xanthan Gum, Disodium EDTA, Carbomer, Sodium Hydroxide, Tasmannia Lanceolata Fruit Extract, Zinc Citrate, Sodium PCA, Arginine PCA, Sodium Hyaluronate, Tocopherol",4.5,"16,179 ratings",https://www.amazon.com/CeraVe-Hydrating-Body-Wash-10/dp/B017610BG8?ref_=ast_sto_dp
CeraVe,"CeraVe Skin Renewing Nightly Exfoliating Treatment, Anti Aging Serum With 5% Blend Of Glycolic Acid & Lactic Acid, Wrinkles & Dark Spot Corrector For Face, Exfoliating Gel, 1.7 Oz",4750,All/Sensitive,Exfoliating Serum,"Smooths fine lines, accelerates skin cell renewal, and reduces dark spots"," Water, Glycerin, Cetearyl Ethylhexanoate, Cetearyl Alcohol, Dimethicone, Glycolic Acid, Lactic Acid, Sodium Hydroxide, Dipotassium Glycyrrhizate, Polyacrylate Crosspolymer-6, Ceramide NP, Ceramide AP, Ceramide EOP, Carbomer, Cetearyl Glucoside, Behentrimonium Methosulfate, Triethyl Citrate, Sodium Hyaluronate, Sodium Lauroyl Lactylate, Cholesterol, Phenoxyethanol, Phenylethyl Resorcinol, Isopropyl Myristate, Caprylyl Glycol, Citric Acid, Trisodium Ethylenediamine Disuccinate, Xanthan Gum, Phytosphingosine, Benzoic Acid",4.6,"6,109 ratings",https://www.amazon.com/CeraVe-Glycolic-Lactic-Ceramides-Corrector/dp/B098RBCQ4Z?ref_=ast_sto_dp
CeraVe,"CeraVe Hydrating Cleanser Bar | Soap-Free Body and Facial Cleanser with 5% Moisturizing Cream | Fragrance-Free |3-Pack, 4.5 Ounce Each",4450,Normal/Dry ,Cleansing Bar,"Cleanses, hydrates,restores skin's natural barrier","Sodium Cocoyl Isethionate, Stearic Acid, Aqua/Water/Eau, Sodium Isethionate, Titanium Dioxide (CI 77891), Cocamidopropyl Hydroxysultaine, Potassium Phosphate, Ceramide NP, Ceramide AP, Ceramide EOP, Carbomer, Glycerin, Cetearyl Alcohol, Ceteareth-20, Dimethicone, Behentrimonium Methosulfate, Sodium Chloride, Sodium Lauroyl Lactylate, Sodium Hyaluronate, Cholesterol, Phenoxyethanol, Disodium EDTA, Dipotassium Phosphate, Tocopherol, Caprylic/Capric Triglyceride, Petrolatum, Phytosphingosine, Xanthan Gum, Ethylene Brassylate, Cetyl Alcohol, Ethylhexylglycerin",4.7,"17,743 ratings",https://www.amazon.com/CeraVe-Hydrating-Soap-Free-Fragrance-Non-Irritating/dp/B07KWJLCM2?ref_=ast_sto_dp&th=1&psc=1
CeraVe,"CeraVe Acne Control Gel, 2% Salicylic Acid Acne Treatment With Glycolic Acid + Lactic Acids + Niacniamide, Acne Gel Helps Clear Acne Blemishes Without Over Drying, Alcohol Free & Oil Free, 1.35 Fl Oz",4450,Oily/Acne prone,Acne Treatment Gel,"Clears acne blemishes, prevents new breakouts, improves skin texture","Water, Glycerin, Sodium Hydroxide, Glycolic Acid, Lactic Acid, Salicylic Acid, Niacinamide, Ceramide NP, Ceramide AP, Ceramide EOP, Carbomer, Cetearyl Alcohol, Behentrimonium Methosulfate, Triethyl Citrate, Sodium Hyaluronate, Sodium Lauroyl Lactylate, Cholesterol, Chlorphenesin, Disodium EDTA, Hydroxypropyl Guar, Caprylyl Glycol, Xanthan Gum, Phytosphingosine, Benzoic Acid",4.5,"7,827 ratings",https://www.amazon.com/CeraVe-Salicylic-Treatment-Glycolic-Breakouts/dp/B097WMCYYJ?ref_=ast_sto_dp
CeraVe,CeraVe Hydrating Foaming Oil Cleanser | Moisturizing Oil Cleanser for Face & Body | Squalane Oil + Hyaluronic Acid + Ceramides | For Dry to Very Dry Skin | Fragrance Free & Residue Free | 19 FL Oz,5950,Dry/Very Dry,Cleansing Oil,"Cleanses, hydrates, restores skin's natural barrier","Water, Glycerin, PEG-200 Hydrogenated Glyceryl Palmate, Coco-Betaine, Disodium Cocoyl Glutamate, PEG-120 Methyl Glucose Dioleate, Polysorbate 20, PEG-7 Glyceryl Cocoate, Squalane, Ceramide NP, Ceramide AP, Ceramide EOP, Carbomer, Triethyl Citrate, Sodium Chloride, Sodium Hydroxide, Sodium Cocoyl Glutamate, Sodium Benzoate, Sodium Lauroyl Lactylate, Sodium Hyaluronate, Cholesterol, Citric Acid, Capryloyl Glycine, Hydroxyacetophenone, Caprylyl Glycol, Caprylic/Capric Triglyceride, Trisodium Ethylenediamine Disuccinate, Phytosphingosine, Xanthan Gum, Benzoic Acid, PEG-150 Pentaerythrityl Tetrastearate, PPG-5-Ceteth-20, PEG-6 Caprylic/Capric Glycerides",4.6,"3,004 ratings",https://www.amazon.com/CeraVe-Hydrating-Triglyceride-Hyaluronic-Ceramides/dp/B0C7J7CWBN?ref_=ast_sto_dp&th=1&psc=1
CeraVe,CeraVe Cleanser for Psoriasis Treatment | With Salicylic Acid for Dry Skin Itch Relief & Latic Acid for Exfoliation | Fragrance Free & Allergy Tested | 8 Ounce,4250,Dry,Psoriasis Cleanser,"Relieves dry skin itch, exfoliates, restores skin's natural barrier","Water, Glycerin, Capryl/Capramidopropyl Betaine, Urea, Sodium C14-16 Olefin Sulfonate, Shea Butteramidopropyl Betaine, Laureth-9, PEG-150 Pentaerythrityl Tetrastearate, Sodium Lactate, Ethoxydiglycol, Niacinamide, Gluconolactone, C12-13 Alkyl Lactate, Sodium Benzoate, Saccharide Isomerate, Lactic Acid, Disodium EDTA, Sodium Lauroyl Lactylate, Ceramide 3, Ceramide 6 II, Phytosphingosine, Cholesterol, Sodium Hyaluronate, Xanthan Gum, Carbomer, Ceramide 1",4.4,"6,340 ratings",https://www.amazon.com/CeraVe-Psoriasis-Therapy-Cleanser-Ounce/dp/B075N8CDGT?ref_=ast_sto_dp
CeraVe,CeraVe Hydrating Foaming Oil Cleanser | Moisturizing Oil Cleanser for Face & Body | Squalane Oil + Hyaluronic Acid + Ceramides | For Dry to Very Dry Skin | Fragrance Free & Residue Free | 8 FL Oz,3500,Dry/Very Dry,Moisturizer/Cleanser,"Moisturizes, cleanses, softens, non-stripping, residue-free","Water, Glycerin, Squalane, Ceramide NP, Ceramide AP, Ceramide EOP, Hyaluronic Acid, Cetearyl Alcohol, Ceteareth-20, Sodium Chloride, Phenoxyethanol, Ethylhexylglycerin, Caprylic/Capric Triglyceride, Disodium EDTA, Citric Acid, Xanthan Gum",4.6,"3,004 ratings",https://www.amazon.com/CeraVe-Hydrating-Moisturizing-Hyaluronic-Ceramides/dp/B0C7J55374?ref_=ast_sto_dp&th=1&psc=1
CeraVe,"CeraVe Eczema Relief Creamy Body Oil, Eczema Calming Cream With Colloidal Oatmeal & Safflower Oil For Dry Skin & Itchy Skin Relief, Steroid Free & Paraben Free, 8 Ounce",3800,Dry/Itchy,Body Oil,"Relieves dryness, calms itchiness, restores skin barrier, non-greasy, soothing","Water, Glycerin, Safflower Oil, Colloidal Oatmeal, Petrolatum, Cetearyl Alcohol, Dimethicone, Ceramide NP, Ceramide AP, Ceramide EOP, Phytosphingosine, Sodium Chloride, Phenoxyethanol, Ethylhexylglycerin, Citric Acid",4.6,"3,943 ratings",https://www.amazon.com/Moisturizer-Colloidal-Oatmeal-Ceramides-Safflower/dp/B08PCV4QNH?ref_=ast_sto_dp&th=1&psc=1
CeraVe,"CeraVe Foaming Facial Cleanser | Daily Face Wash for Oily Skin with Hyaluronic Acid, Ceramides, and Niacinamide| Fragrance Free Paraben Free | 12 Fluid Ounce",2400,Oily,Cleanser,"Cleanses, removes excess oil, maintains skin's protective barrier, non-drying","Water, Glycerin, Cocamidopropyl Betaine, Niacinamide, Sodium Chloride, Ceramide NP, Ceramide AP, Ceramide EOP, Hyaluronic Acid, Citric Acid, Phenoxyethanol, Ethylhexylglycerin",4.7,"93,612 ratings",https://www.amazon.com/CeraVe-Foaming-Cleanser-Washing-packaging/dp/B003YMJJSK?ref_=ast_sto_dp&th=1&psc=1
CeraVe,CeraVe Micellar Water | New & Improved Formula | Hydrating Facial Cleanser & Eye Makeup Remover | Fragrance Free & Non-Irritating | 10 Fl. Oz,4500,All/Sensitive,Makeup Remover,"Cleanses, removes makeup, hydrates, soothes, maintains skin barrier","Water, Glycerin, Hexylene Glycol, Poloxamer 184, Disodium Cocoamphodiacetate, Disodium EDTA, Niacinamide, Polyaminopropyl Biguanide, Sodium Lauroyl Lactylate, BHT, Ceramide NP, Ceramide AP, Phytosphingosine, Cholesterol, Xanthan Gum, Carbomer, Ethylhexylglycerin, Ceramide EOP",4.6,"3,946 ratings",https://www.amazon.com/CeraVe-Micellar-Hydrating-Fragrance-Non-Irritating/dp/B07VHZPBZ3?ref_=ast_sto_dp
CeraVe,"CeraVe Intensive Moisturizing Lotion | Hydro-Urea + Shea Butter | Body Lotion For Dry Skin | Relieves Signs Of Extra Dry Skin | Non Greasy Hydrating Lotion For Rough, Tight, Red & Itchy Skin | 16oz",7850,Dry/Very Dry,Moisturzing Lotion,"Relieves dryness, restores barrier, non-greasy, suits rough, tight, red, itchy skin","Water, Glycerin, Shea Butter, Hydroxyethyl Urea, Isopropyl Palmitate, Propanediol, Cetearyl Alcohol, Octyldodecanol, C15-19 Alkane, Glycine, Stearic Acid, Ceramide NP, Ceramide AP, Ceramide EOP, Sorbitan Tristearate, Sorbitan Oleate, Carbomer, Glyceryl Stearate, Dimethicone, Behentrimonium Methosulfate, Triethyl Citrate, Isohexadecane, Sodium PCA, Serine, Sodium Lauroyl Lactylate, Sodium Hydroxide, Myristic Acid, Sodium Hyaluronate, Cholesterol, Palmitic Acid, Alanine, Tocopherol, Hydroxyacetophenone, Caprylyl Glycol, Hydroxyethylpiperazine Ethane Sulfonic Acid, Trisodium Ethylenediamine Disuccinate, Xanthan Gum, Pentaerythrityl Tetra-Di-T-Butyl Hydroxyhydrocinnamate, Phytosphingosine, Acrylamide/Sodium Acryloyldimethyltaurate Copolymer, Acrylates/C10-30 Alkyl Acrylate Crosspolymer, Polysorbate 80, Benzoic Acid, PEG-100 Stearate, PEG-20 Methyl Glucose Sesquistearate",4.7,638 ratings,https://www.amazon.com/CeraVe-Intensive-Moisturizing-Hydro-Urea-Hydrating/dp/B0D6X6CKBX?ref_=ast_sto_dp&th=1&psc=1
CeraVe,"CeraVe AM Facial Moisturizing Lotion SPF 50 | Face Moisturizer with SPF, Hyaluronic Acid, Niacinamide & Ceramides | Non-Greasy | Blends Seamlessly With No White Cast | Non Comedogenic Sunscreen | 3 Oz",7500,All/Sensitive,Moisturzing Lotion,"Hydrates, restores skin barrier, non-greasy, no white cast, non-comedogenic","Water, Glycerin, Isopropyl Palmitate, Bis-Ethylhexyloxyphenol Methoxyphenyl Triazine, Ethylhexyl Salicylate, Niacinamide, Pentylene Glycol, Butyl Methoxydibenzoylmethane, Ethylhexyl Triazone, Propanediol, Zea Mays Starch, Potassium Cetyl Phosphate, Diisopropyl Sebacate, Oryza Sativa Cera, Stearic Acid, Ceramide NP, Ceramide AP, Ceramide EOP, Carbomer, Glyceryl Stearate, Cetearyl Alcohol, Triethanolamine, Behentrimonium Methosulfate, Triethyl Citrate, Sodium Hyaluronate, Sodium Polyacrylate, Sodium Lauroyl Lactylate, Myristic Acid, Cholesterol, Palmitic Acid, Tocopherol, Caprylyl Glycol, Citric Acid, Trisodium Ethylenediamine Disuccinate, Xanthan Gum, Phytosphingosine, Acrylates/C10-30 Alkyl Acrylate Crosspolymer, Butyrospermum Parkii Butter, Benzoic Acid, PEG-100 Stearate",4.5,490 ratings,https://www.amazon.com/CeraVe-Moisturizing-Moisturizer-Niacinamide-Comedogenic/dp/B0CTTDLQF3?ref_=ast_sto_dp
CeraVe,"CeraVe Oil Control Moisturizing Gel-Cream | Face Moisturizer for Oily Skin | Niacinamide, Hyaluronic Acid & Oil Absorbing Technology To Rebalance Oily Skin | Non-Comedogenic, Fragrance Free & Oil Free",6500,Oily,Gel Cream,"Absorbs excess oil, provides all-day hydration, restores skin barrier, non-greasy, matte finish","Water, Niacinamide, Glycerin, Cetearyl Isononanoate, C14-22 Alcohols, Isopropyl Myristate, Zea Mays Starch (Corn Starch), Ceramide NP, Ceramide AP, Ceramide EOP, Carbomer, Cetearyl Alcohol, Behentrimonium Methosulfate, Triethyl Citrate, Silica, Sodium Hydroxide, Sodium Hyaluronate, Sodium Lauroyl Lactylate, Cholesterol, Phenoxyethanol, Citric Acid, Caprylyl Glycol, Trisodium Ethylenediamine Disuccinate, Xanthan Gum, Phytosphingosine, Polyacrylate Crosspolymer-6, Benzoic Acid, C12-20 Alkyl Glucoside",4.5,518 ratings,https://www.amazon.com/CeraVe-Moisturizing-Moisturizer-Niacinamide-Non-Comedogenic/dp/B0CTTV91Z6?ref_=ast_sto_dp
CeraVe,"CeraVe Skin Renewing Gel Oil, Daily Hydrating Serum For Face With CeraPlex & Hyaluronic Acid, Gel Moisturizer For Face Hydrates & Smooths Skin, Non-Greasy, Fragrance Free & Non-Comedogenic, 1 Ounce",4560,Normal/Dry,Hydrating Gel Oil,"Hydrates, enhances radiance, restores skin barrier, non-greasy, fragrance-free, non-comedogenic"," Caprylic/Capric Triglyceride, C12-15 Alkyl Benzoate, Ethylhexyl Palmitate, Glycerin, Propylheptyl Caprylate, Water, Sucrose Laurate, Sucrose Stearate, Helianthus Annuus (Sunflower) Extract, Oryza Sativa (Rice) Bran Extract, Rosmarinus Officinalis (Rosemary) Leaf Extract, Ceramide 6 II, Ceramide 1, Ceramide 2, Ceramide 3, Caprooyl Phytosphingosine, Caprooyl Sphingosine, Sodium Hyaluronate Crosspolymer, Ascorbyl Palmitate, Sucrose Palmitate, Tocopherol, Hydroxymethoxyphenyl Decanone, Cetyl Alcohol, Ceteareth-25, Pentylene Glycol, Behenic Acid, Cholesterol, Ethylhexylglycerin, Caprylyl Glycol, Chlorphenesin, Phenoxyethanol",4.6,"4,826 ratings",https://www.amazon.com/CeraVe-Hyaluronic-Moisturizer-Non-Greasy-Non-Comedogenic/dp/B01LZAN652?ref_=ast_sto_dp
CeraVe,"CeraVe Skin Renewing Vitamin C Eye Cream | Vitamin C, Hyaluronic Acid, Ceramides & Caffeine | Under Eye Cream For Dark Circles and Puffiness | Fragrance Free & Ophthalmologist Tested | 0.5 Fl. Oz",4495,All,Eye Cream,"Reduces dark circles, puffiness, hydrates, restores barrier, non-greasy, fragrance-free","Water, Glycerin, Niacinamide, Cetearyl Alcohol, Cetearyl Ethylhexanoate, Caprylic/Capric Triglyceride, Dimethicone, Petrolatum, Polyacrylate Crosspolymer-6, Hydrogenated Lecithin, Ceramide NP, Ceramide AP, Ceramide EOP, Carbomer, Behentrimonium Methosulfate, Triethyl Citrate, Caffeine, Sodium Hyaluronate, Sodium Lauroyl Lactylate, Sodium Lactate, Cholesterol, Palmitoyl Tripeptide-1, Palmitoyl Tetrapeptide-7, Phenoxyethanol, Isopropyl Myristate, Caprylyl Glycol, Trisodium Ethylenediamine Disuccinate, Phytosphingosine, Xanthan Gum, Butylene Glycol, Polysorbate 20, Benzoic Acid",4.2,263 ratings,https://www.amazon.com/CeraVe-Hyaluronic-Ceramides-Puffiness-Ophthalmologist/dp/B0CTTR375V?ref_=ast_sto_dp
CeraVe,"CeraVe Hydrating Mineral Sunscreen SPF 30 with Sheer Tint, Tinted Mineral Sunscreen with Zinc Oxide & Titanium Dioxide, Blends Seamlessly For Healthy Glow, Stocking Stuffers, Light, 1.7 Oz",4450,All/Sensitive,Sunscreen ,"Broad-spectrum protection, hydrates, restores barrier, non-greasy, fragrance-free, non-comedogenic","Water, Glycerin, Niacinamide, Cetearyl Alcohol, Cetearyl Ethylhexanoate, Caprylic/Capric Triglyceride, Dimethicone, Petrolatum, Polyacrylate Crosspolymer-6, Hydrogenated Lecithin, Ceramide NP, Ceramide AP, Ceramide EOP, Carbomer, Behentrimonium Methosulfate, Triethyl Citrate, Caffeine, Sodium Hyaluronate, Sodium Lauroyl Lactylate, Sodium Lactate, Cholesterol, Palmitoyl Tripeptide-1, Palmitoyl Tetrapeptide-7, Phenoxyethanol, Isopropyl Myristate, Caprylyl Glycol, Trisodium Ethylenediamine Disuccinate, Phytosphingosine, Xanthan Gum, Butylene Glycol, Polysorbate 20, Benzoic Acid",4.4,"61,306 ratings",https://www.amazon.com/CeraVe-Hydrating-Sunscreen-Titanium-Seamlessly/dp/B0D9L7CTFB?ref_=ast_sto_dp&th=1&psc=1
CeraVe,"CeraVe Moisturizing Cream, Face Body Moisturizer, Normal to Dry Skin, 8 Fl Oz",4450,Normal/Dry,Moisturizer,"Hydrates skin, restores skin barrier, non-greasy, fragrance-free, non-comedogenic","Water, Glycerin, Niacinamide, Cetearyl Alcohol, Cetearyl Ethylhexanoate, Caprylic/Capric Triglyceride, Dimethicone, Petrolatum, Polyacrylate Crosspolymer-6, Hydrogenated Lecithin, Ceramide NP, Ceramide AP, Ceramide EOP, Carbomer, Behentrimonium Methosulfate, Triethyl Citrate, Caffeine, Sodium Hyaluronate, Sodium Lauroyl Lactylate, Sodium Lactate, Cholesterol, Palmitoyl Tripeptide-1, Palmitoyl Tetrapeptide-7, Phenoxyethanol, Isopropyl Myristate, Caprylyl Glycol, Trisodium Ethylenediamine Disuccinate, Phytosphingosine, Xanthan Gum, Butylene Glycol, Polysorbate 20, Benzoic Acid",4.7,"128,860 ratings",https://www.amazon.com/CeraVe-Moisturizing-Cream-Moisturizer-Normal/dp/B087GNBPXT?ref_=ast_sto_dp&th=1&psc=1
CeraVe,"CeraVe Intensive Moisturizing Lotion | Hydro-Urea + Shea Butter | Body Lotion For Dry Skin | Relieves Signs Of Extra Dry Skin | Non Greasy Hydrating Lotion For Rough, Tight, Red & Itchy Skin | 8oz",7850,Dry/Very Dry,Body Lotion,"Hydrates skin, restores skin barrier, non-greasy, fragrance-free, non-comedogenic","Water, Glycerin, Shea Butter, Hydroxyethyl Urea, Isopropyl Palmitate, Propanediol, Cetearyl Alcohol, Octyldodecanol, C15-19 Alkane, Glycine, Stearic Acid, Ceramide NP, Ceramide AP, Ceramide EOP, Sorbitan Tristearate, Sorbitan Oleate, Carbomer, Glyceryl Stearate, Dimethicone, Behentrimonium Methosulfate, Triethyl Citrate, Isohexadecane, Sodium PCA, Serine, Sodium Lauroyl Lactylate, Sodium Hydroxide, Myristic Acid, Sodium Hyaluronate, Cholesterol, Palmitic Acid, Alanine, Tocopherol, Hydroxyacetophenone, Caprylyl Glycol, Hydroxyethylpiperazine Ethane Sulfonic Acid, Trisodium Ethylenediamine Disuccinate, Xanthan Gum, Pentaerythrityl Tetra-Di-T-Butyl Hydroxyhydrocinnamate, Phytosphingosine, Acrylamide/Sodium Acryloyldimethyltaurate Copolymer, Acrylates/C10-30 Alkyl Acrylate Crosspolymer, Polysorbate 80, Benzoic Acid, PEG-100 Stearate, PEG-20 Methyl Glucose Sesquistearate",4.7,638 ratings,https://www.amazon.com/CeraVe-Intensive-Moisturizing-Hydro-Urea-Hydrating/dp/B0CVYLNZB8?ref_=ast_sto_dp&th=1&psc=1
CeraVe,CeraVe Hydrating Cream To Foam Cleanser | Makeup Remover Face Wash For Dry Skin | Foaming Facial Cleanser With Hyaluronic Acid | Normal To Dry Skin | Fragrance Free & Non Comedogenic | 8 Fluid Ounces,5350,Normal/Dry,Facial Cleanser,"Removes dirt and makeup, maintains skin's natural moisture, non-greasy, fragrance-free, non-comedogenic","Water, Glycerin, Sodium Methyl Cocoyl Taurate, Coco-Betaine, Sodium Cocoyl Isethionate, Sodium Chloride, PCA, PPG-5-Ceteth-20, PEG-100 Stearate, PEG-150 Pentaerythrityl Tetrastearate, PEG-6 Caprylic/Capric Glycerides, PEG-30 Dipolyhydroxystearate, Titanium Dioxide, Aspartic Acid, Ceramide NP, Ceramide AP, Ceramide EOP, Sorbitan Isostearate, Carbomer, Glycol Distearate, Glyceryl Stearate, Glyceryl Oleate, Glycine, Trideceth-6, Cetearyl Alcohol, Behentrimonium Methosulfate, Threonine, Sodium Hydroxide, Salicylic Acid, Sodium PCA, Sodium Lactate, Arginine, Sodium Lauroyl Lactylate, Serine, Sodium Benzoate, Valine, Sodium Hyaluronate, Proline, Isoleucine, Cholesterol, Phenoxyethanol, Alanine, Phenylalanine, Coconut Acid, Coco-Glucoside, Chlorphenesin, Disodium EDTA, Hydroxyethyl Urea, Citric Acid, Hydroxyethyl Acrylate/Sodium Acryloyldimethyl Taurate Copolymer, Caprylyl Glycol, Phytosphingosine, Xanthan Gum, Histidine, Acrylates/C10-30 Alkyl Acrylate Crosspolymer, Polyquaternium-53, Polyquaternium-39, Polysorbate 60, Ethylhexylglycerin, Benzoic Acid",4.7,"22,550 ratings",https://www.amazon.com/CeraVe-Hydrating-Hyaluronic-Fragrance-Comedogenic/dp/B0B33M2XLR?ref_=ast_sto_dp&th=1&psc=1
CeraVe,"CeraVe Hydrating Mineral Sunscreen SPF 30 with Sheer Tint, Tinted Mineral Sunscreen with Zinc Oxide & Titanium Dioxide, Blends Seamlessly For Healthy Glow, Stocking Stuffers, Deep, 1.7 Oz",5800,Normal/Dry,Sunscreen,"Sun protection, hydrates, restores barrier, non-greasy, fragrance-free, non-comedogenic","Water, Glycerin, Titanium Dioxide, Zinc Oxide, Niacinamide, Ceramide NP, Ceramide AP, Ceramide EOP, Dimethicone, Sodium Hyaluronate, Cholesterol, Phytosphingosine, Sodium Lauroyl Lactylate, Sodium PCA, Sodium Benzoate, Caprylyl Glycol, Hydroxyethyl Urea, Hydroxyethyl Acrylate/Sodium Acryloyldimethyl Taurate Copolymer, Polysorbate 60, Disodium EDTA, Citric Acid",4.4,"61,306 ratings",https://www.amazon.com/CeraVe-Hydrating-Sunscreen-Titanium-Seamlessly/dp/B0D9L6LD7B?ref_=ast_sto_dp&th=1&psc=1
CeraVe,"CeraVe Eczema Relief Creamy Body Oil, Eczema Calming Cream With Colloidal Oatmeal & Safflower Oil For Dry Skin & Itchy Skin Relief, Steroid Free & Paraben Free, 3.4 Ounce",5899,Dry/Itchy,Body Moisturizer," Relieves dryness, soothes itching, restores skin barrier, non-greasy, fragrance-free, non-comedogenic","Water, Cetearyl Alcohol, Glycerin, Cetyl Alcohol, Ceteareth-20, Olea Europaea (Olive) Fruit Oil, Safflower Seed Oil, Niacinamide, Ceramide NP, Ceramide AP, Ceramide EOP, Phytosphingosine, Cholesterol, Sodium Lauroyl Lactylate, Sodium PCA, Sodium Benzoate, Caprylyl Glycol, Hydroxyethyl Urea, Hydroxyethyl Acrylate/Sodium Acryloyldimethyl Taurate Copolymer, Polysorbate 60, Disodium EDTA, Citric Acid",4.6,"3,943 ratings",https://www.amazon.com/CeraVe-Moisturizer-Colloidal-Ceramides-Safflower/dp/B0B33GBNFR?ref_=ast_sto_dp&th=1&psc=1